en_date,tb_date,tb_month,week,dakar,jongtod,nyima,parme,ninag,duser,sojong_duchen,namgo
10-02-2024,༡,བོད་ཟླ་ ༡,སྤེན།,གྲོ་བཞིན།,ས་༢,སྟག,ཁམ།༧,ཀླུ་ལྡོག,རྒྱ་ཟླ་ ༡ ཆུང་། ཚེས་ ༡།,ཤིང་འབྲུག་ལོའི་གནམ་ལོ་གསར་ཚེས།,མགྲོན།
11-02-2024,༢,བོད་ཟླ་ ༡,ཉི།,མོན་གྲེ།,མེ་ཆུ།,ཡོས།,གིན།༨,,,,ཚོང་།
12-02-2024,༣,བོད་ཟླ་ ༡,ཟླ།,མོན་གྲུ། (ཆུ་ཚོད་ ༡༥:༢༤ ནས་ཁྲུམས་སྟོད།),ས་ཆུ། (མེ་ཆུ།),འབྲུག,ཟིན།༩,,,,བུ། དབུལ།
13-02-2024,༤,བོད་ཟླ་ ༡,དམར།,ཁྲུམས་སྟོད། (ཆུ་ཚོད་ ༡༣:༤༨ ནས་ཁྲུམས་སྨད།),མེ་༢ (མེ་ཆུ།),སྦྲུལ།,ཟོན།༡,,,,དམག
14-02-2024,༥,བོད་ཟླ་ ༡,ལྷག,ཁྲུམས་སྨད།,ཆུ་༢,རྟ།,ལི།༢,,,,གཉེན།
15-02-2024,༦,བོད་ཟླ་ ༡,ཕུར།,ནམ་གྲུ། (ཆུ་ཚོད་ ༡༠:༡༢ ནས་ཐ་སྐར།),ཆུ་རླུང་། (རླུང་༢),ལུག,ཁོན།༣,,,,མཁར།
16-02-2024,༧,བོད་ཟླ་ ༡,སངས།,ཐ་སྐར།(ཆུ་ཚོད་ ༩:༠༠ ནས་བྲ་ཉེ།),ས་རླུང་། (ས་མེ།),སྤྲེལ།,དྭ།༤,,,,བག
17-02-2024,༨,བོད་ཟླ་ ༡,སྤེན།,བྲ་ཉེ།,ས་མེ།,བྱ།,ཁེན།༥,,,,དུར། དབུལ།
18-02-2024,༩,བོད་ཟླ་ ༡,ཉི།,སྨིན་དྲུག (ཆུ་ཚོད་ ༧:༤༨ ནས་སྣར་མ།),མེ་༢ (ས་མེ།),ཁྱི།,ཁམ།༦,,,,ཤིད།
19-02-2024,༡༠,བོད་ཟླ་ ༡,ཟླ།,སྣར་མ། (ཆུ་ཚོད་ ༨:༡༢ ནས་མགོ།),ས་ཆུ། (ཆུ་རླུང་།),ཕག,གིན།༧,,,,སྤྱི།
20-02-2024,༡༡,བོད་ཟླ་ ༡,དམར།,མགོ། (ཆུ་ཚོད་ ༩:༠༠ ནས་ལག),མེ་རླུང་། (མེ་ཆུ།),བྱི།,ཟིན།༨,,,,མགྲོན།
21-02-2024,༡༢,བོད་ཟླ་ ༡,ལྷག,ལག (ཆུ་ཚོད་ ༡༠:༡༢ ནས་ནབས་སོ།),ཆུ་༢ (ཆུ་རླུང་།),གླང་།,ཟོན།༩,,,,ཚོང་།
22-02-2024,༡༣,བོད་ཟླ་ ༡,ཕུར།,ནབས་སོ། (ཆུ་ཚོད་ ༡༡:༤༨ ནས་རྒྱལ།),རླུང་༢ (མེ་རླུང་།),སྟག,ལི།༡,ཡན་ཀྭོང་།,,,བུ།
23-02-2024,༡༤,བོད་ཟླ་ ༡,སངས།,རྒྱལ། (ཆུ་ཚོད་ ༡༣:༤༨ ནས་སྐག),ས་མེ། (ས་ཆུ།),ཡོས།,ཁོན།༢,,,,དམག
24-02-2024,༡༥,བོད་ཟླ་ ༡,སྤེན།,སྐག (ཆུ་ཚོད་ ༡༦:༡༢ ནས་མཆུ།),ས་ཆུ། (ས་མེ།),འབྲུག,དྭ།༣,,,གསོ་སྦྱོང་། ཆོ་འཕྲུལ་དུས་ཆེན།,གཉེན།
25-02-2024,༡༦,བོད་ཟླ་ ༡,ཉི།,མཆུ།,མེ་༢,སྦྲུལ།,ཁེན།༤,,,,མཁར།
26-02-2024,༡༧,བོད་ཟླ་ ༡,ཟླ།,གྲེ།,མེ་ཆུ།,རྟ།,ཁམ།༥,,,,བག
27-02-2024,༡༨,བོད་ཟླ་ ༡,དམར།,དབོ།,མེ་རླུང་།,ལུག,གིན།༦,,འདི་ནས་རྗེས་ཟླའི་ཚེས་ ༡༧ བར་བུམ་སྟོང་ནུབ།,,དུར།
28-02-2024,༡༩,བོད་ཟླ་ ༡,ལྷག,མེ་བཞི།,ཆུ་རླུང་།,སྤྲེལ།,ཟིན།༧,,,,ཤིད།
29-02-2024,༢༠,བོད་ཟླ་ ༡,ཕུར།,ནག་པ།,རླུང་༢,བྱ།,ཟོན།༨,,,,སྤྱི།
01-03-2024,༢༡,བོད་ཟླ་ ༡,སངས།,ས་རི།,ས་རླུང་།,ཁྱི།,ལི།༩,ཉི་ནག,,,མགྲོན།
02-03-2024,༢༢,བོད་ཟླ་ ༡,སྤེན།,ས་རི། (ཆུ་ཚོད་ ༦:༣༦ ནས་ས་ག),ས་རླུང་། (ས་མེ།),ཕག,ཁོན།༡,སྲེག་ཚེས།,,,ཚོང་།
03-03-2024,༢༣,བོད་ཟླ་ ༡,ཉི།,ས་ག (ཆུ་ཚོད་ ༧:༢༤ ནས་ལྷ་མཚམས།),མེ་༢ (ས་མེ།),བྱི།,དྭ།༢,,,,བུ།
04-03-2024,༢༤,བོད་ཟླ་ ༡,ཟླ།,ལྷ་མཚམས།,ས་ཆུ།,གླང་།,ཁེན།༣,,,,དམག
05-03-2024,༢༥,བོད་ཟླ་ ༡,དམར།,སྣྲོན། (ཆུ་ཚོད་ ༧:༢༤ ནས་སྣྲུབས།),ས་མེ། (མེ་ཆུ།),སྟག,ཁམ།༤,ཀླུ་ཐེབས། སྲེག་ཚེས།,,,གཉེན།
06-03-2024,༢༦,བོད་ཟླ་ ༡,ལྷག,སྣྲུབས།,ཆུ་༢,ཡོས།,གིན།༥,,,,མཁར།
07-03-2024,༢༧,བོད་ཟླ་ ༡,ཕུར།,ཆུ་སྨད།,ས་རླུང་།,འབྲུག,ཟིན།༦,,,,བག
08-03-2024,༢༨,བོད་ཟླ་ ༡,སངས།,གྲོ་བཞིན།,ས་༢།,སྦྲུལ།,ཟོན།༧,,,,དུར།
09-03-2024,༢༩,བོད་ཟླ་ ༡,སྤེན།,མོན་གྲེ།,ས་ཆུ།,རྟ།,ལི།༨,,,གསོ་སྦྱོང་།,ཤིད།
10-03-2024,༣༠,བོད་ཟླ་ ༡,ཉི།,མོན་གྲུ།,ས་མེ།,ལུག,ཁོན།༩,ཞག་ངན།,,བོད་མིའི་རང་དབང་སྒེར་ལངས།,སྤྱི།
11-03-2024,༡,བོད་ཟླ་ ༢,ཟླ།,ཁྲུམས་སྟོད།,མེ་ཆུ།,སྤྲེལ།,དྭ།༡,,རྒྱ་ཟླ་ ༢ ཆེ། ཚེས་ ༢།,བོད་ཀྱི་བུད་མེད་རང་དབང་སྒེར་ལངས།,མགྲོན།
12-03-2024,༢,བོད་ཟླ་ ༢,དམར།,ཁྲུམས་སྨད།,མེ་ཆུ།,བྱ།,ཁེན༢།,,,,ཚོང་།
13-03-2024,༣ (༤ཆད།),བོད་ཟླ་ ༢,ལྷག,ནམ་གྲུ།,ཆུ་༢,ཁྱི།,ཁམ།༣,སྲེག་ཚེས།,,,བུ།
14-03-2024,༥,བོད་ཟླ་ ༢,ཕུར།,ཐ་སྐར།,རླུང་༢,བྱི།,ཟིན།༥,,,,གཉེན།
15-03-2024,༦,བོད་ཟླ་ ༢,སངས།,བྲ་ཉེ།,ས་མེ།,གླང་།,ཟོན།༦,,,,མཁར།
16-03-2024,༧,བོད་ཟླ་ ༢,སྤེན།,སྨིན་དྲུག(ཆུ་ཚོད་ ༡༥:༤༨ ནས་སྣར་མ།),ས་མེ། (ས་༢),སྟག,ལི།༧,སྲེག་ཚེས།,,,བག
17-03-2024,༨,བོད་ཟླ་ ༢,ཉི།,སྣར་མ། (ཆུ་ཚོད་ ༡༥:༤༨ ནས་མགོ།),ས་མེ། (མེ་རླུང་།),ཡོས།,ཁོན།༨,ཀླུ་ཐེབས། ཉི་ནག,,,དུར། དབུལ།
18-03-2024,༩,བོད་ཟླ་ ༢,ཟླ།,མགོ། ཆུ་ཚོད་ ༡༦:༣༦ ནས་ལག,ཆུ་རླུང་། (ཆུ་༢),འབྲུག,དྭ།༩,,,,ཤིད།
19-03-2024,༡༠,བོད་ཟླ་ ༢,དམར།,ལག,མེ་ཆུ།,སྦྲུལ།,ཁེན།༡,སྲེག་ཚེས།,,,སྤྱི།
20-03-2024,༡༡,བོད་ཟླ་ ༢,ལྷག,ནབས་སོ།,ཆུ་རླུང་།,རྟ།,ཁམ།༢,ཡན་ཀྭོང་།,དཔྱིད་ཉིན་མཚན་མཉམ།,,མགྲོན།
21-03-2024,༡༢,བོད་ཟླ་ ༢,ཕུར།,རྒྱལ།,མེ་རླུང་།,ལུག,གིན།༣,,,,ཚོང་།
22-03-2024,༡༣,བོད་ཟླ་ ༢,སངས།,སྐག,ས་ཆུ།,སྤྲེལ།,ཟིན།༤,,,,བུ།
23-03-2024,༡༤,བོད་ཟླ་ ༢,སྤེན།,མཆུ།,ས་མེ།,བྱ།,ཟོན།༥,,,འགྲོ་ཕན་སྨན་རྩིས་ཁང་དབུ་བརྙེས་ནས་ལོ་ངོ་ ༦༣ འཁོར་ཉིན།,དམག
24-03-2024,(༡༤ ལྷག),བོད་ཟླ་ ༢,ཉི།,གྲེ།,མེ་༢,,,,,གསོ་སྦྱོང་། འཛམ་གླིང་ཊི་བྷི་ཉིན་མོ།,དམག
25-03-2024,༡༥,བོད་ཟླ་ ༢,ཟླ།,དབོ།,ཆུ་རླུང་།,ཁྱི།,ལི།༦,ཀླུ་ཐེབས། ཞག་ངན།,,,གཉེན།
26-03-2024,༡༦,བོད་ཟླ་ ༢,དམར།,དབོ།,མེ་རླུང་།,ཕག,ཁོན།༧,,,,མཁར།
27-03-2024,༡༧,བོད་ཟླ་ ༢,ལྷག,མེ་བཞི།,ཆུ་རླུང་།,བྱི།,དྭ།༨,སྲེག་ཚེས།,,,བག
28-03-2024,༡༨,བོད་ཟླ་ ༢,ཕུར།,ནག་པ།,རླུང་༢,གླང་།,ཁེན།༩,,འདི་ནས་རྗེས་ཟླའི་ཚེས་ ༡༩ བར་བུམ་སྟོང་བྱང་།,,དུར།
29-03-2024,༡༩,བོད་ཟླ་ ༢,སངས།,ས་རི། (ཆུ་ཚོད་ ༡༣:༠༠ ནས་ས་ག),ས་རླུང་། (ས་མེ།),སྟག,ཁམ།༡,,,,ཤིད།
30-03-2024,༢༠,བོད་ཟླ་ ༢,སྤེན།,ས་ག (ཆུ་ཚོད་ ༡༤:༡༢ ནས་ལྷ་མཚམས།),ས་མེ། (ས་༢),ཡོས།,གིན།༢,,,,སྤྱི།
31-03-2024,༢༡,བོད་ཟླ་ ༢,ཉི།,ལྷ་མཚམས།,ས་མེ།,འབྲུག,ཟིན།༣,,,,མགྲོན།
01-04-2024,༢༢,བོད་ཟླ་ ༢,ཟླ།,སྣྲོན། (ཆུ་ཚོད་ ༡༥:༢༤ ནས་སྣྲུབས།),ས་ཆུ། (ཆུ་༢),སྦྲུལ།,ཟོན།༤,,,,ཚོང་།
02-04-2024,༢༣,བོད་ཟླ་ ༢,དམར།,སྣྲུབས།,མེ་ཆུ།,རྟ།,ལི།༥,,,,བུ།
03-04-2024,༢༤,བོད་ཟླ་ ༢,ལྷག,ཆུ་སྟོད། (ཆུ་ཚོད་ ༡༤:༣༦ ནས་ཆུ་སྨད།),ཆུ་༢ (ས་ཆུ།),ལུག,ཁོན།༦,,,,དམག
04-04-2024,༢༥,བོད་ཟླ་ ༢,ཕུར།,ཆུ་སྨད།,ས་རླུང་།,སྤྲེལ།,དྭ།༧,,,,གཉེན།
05-04-2024,༢༦,བོད་ཟླ་ ༢,སངས།,གྲོ་བཞིན། (ཆུ་ཚོད་ ༡༢:༡༢ ནས་མོན་གྲེ།),ས་༢ (ས་ཆུ།),བྱ།,ཁེན།༨,,,,མཁར།
06-04-2024,༢༧ (༢༨ ཆད།),བོད་ཟླ་ ༢,སྤེན།,མོན་གྲེ། (ཆུ་ཚོད་ ༡༠:༣༦ ནས་མོན་གྲུ།),ས་ཆུ། (ས་༢),ཁྱི།,ཁམ།༩,,,,བག
07-04-2024,༢༩,བོད་ཟླ་ ༢,ཉི།,མོན་གྲུ། (ཆུ་ཚོད་ ༧:༠༠ ནས་ཁྲུམས་སྟོད།),ས་མེ། (མེ་༢),བྱི།,ཟིན།༢,,,འཛམ་གླིང་འཕྲོད་བསྟེན་ཉིན་མོ།,ཤིད།
08-04-2024,༣༠,བོད་ཟླ་ ༢,ཟླ།,ཁྲུམས་སྨད།,ཆུ་༢,གླང་།,ཟོན།༣,,,གསོ་སྦྱོང་།,སྤྱི།
09-04-2024,༡,བོད་ཟླ་ ༣,དམར།,ནམ་གྲུ།,མེ་ཆུ།,སྟག,ལི།༤,,རྒྱ་ཟླ་ ༣ ཆུང་། ཚེས་ ༡།,,མགྲོན།
10-04-2024,༢,བོད་ཟླ་ ༣,ལྷག,ཐ་སྐར།,ཆུ་རླུང་།,ཡོས།,ཁོན།༥,སྲེག་ཚེས་སུ།,,,ཚོང་།
11-04-2024,༣,བོད་ཟླ་ ༣,ཕུར།,བྲ་ཉེ།,མེ་རླུང་།,འབྲུག,དྭ།༦,,,,བུ།
12-04-2024,༤,བོད་ཟླ་ ༣,སངས།,སྨིན་དྲུག,ས་མེ།,སྦྲུལ།,ཁེན།༧,,,,དམག
13-04-2024,༥,བོད་ཟླ་ ༣,སྤེན།,སྣར་མ།,ས་༢,རྟ།,ཁམ།༨,,,,གཉེན། དབུལ།
14-04-2024,༦,བོད་ཟླ་ ༣,ཉི།,མགོ།,མེ་རླུང་།,ལུག,གིན།༩,,,,མཁར།
15-04-2024,༧,བོད་ཟླ་ ༣,ཟླ།,ལག,ཆུ་༢,སྤྲེལ།,ཟིན།༡,,,,བག
16-04-2024,༨,བོད་ཟླ་ ༣,དམར།,ནབས་སོ།,མེ་རླུང་།,བྱ།,ཟོན།༢,,,,དུར།
17-04-2024,༩,བོད་ཟླ་ ༣,ལྷག,རྒྱལ།,མེ་ཆུ།,ཁྱི།,ལི།༣,ཡན་ཀྭོང་།,ས་ཁམས་མཆེར་རྩ་ཞག་ ༡༨ རྒྱུ།,,ཤིད།
18-04-2024,༡༠,བོད་ཟླ་ ༣,ཕུར།,སྐག,ཆུ་རླུང་།,ཕག,ཁོན།༤,,,,སྤྱི།
19-04-2024,༡༡,བོད་ཟླ་ ༣,སངས།,སྐག (ཆུ་ཚོད་ ༧:༤༨ ནས་མཆུ།),ས་ཆུ། (ས་མེ།),བྱི།,དྭ།༥,ཞག་ངན།,,,མགྲོན། དབུལ།
20-04-2024,༡༢,བོད་ཟླ་ ༣,སྤེན།,མཆུ།,ས་མེ།,གླང་།,ཁེན།༦,,,,ཚོང་།
21-04-2024,༡༣,བོད་ཟླ་ ༣,ཉི།,གྲེ། (ཆུ་ཚོད་ ༡༢:༡༢ ནས་དབོ།),མེ་༢ (མེ་རླུང་།),སྟག,ཁམ།༧,,,,བུ།
22-04-2024,༡༤,བོད་ཟླ་ ༣,ཟླ།,དབོ།,ཆུ་རླུང་།,ཡོས།,གིན།༨,,,,དམག
23-04-2024,༡༥,བོད་ཟླ་ ༣,དམར།,མེ་བཞི།,མེ་རླུང་།,འབྲུག,ཟིན།༩,,,གསོ་སྦྱོང་།,གཉེན།
24-04-2024,༡༦,བོད་ཟླ་ ༣,ལྷག,ནག་པ།,ཆུ་རླུང་།,སྦྲུལ།,ཟོན།༡,ཉི་ནག,,འཛམ་གླིང་འགོ་ནད་སྔོན་འགོག་བདུན་ཕྲག,མཁར།
25-04-2024,༡༧,བོད་ཟླ་ ༣,ཕུར།,ས་རི།,རླུང་༢,རྟ།,ལི།༢,,,འཛམ་གླིང་མ་ལེ་རི་ཡ་ཉིན་མོ།,བག
26-04-2024,༡༨,བོད་ཟླ་ ༣,སངས།,ས་ག,ས་མེ།,ལུག,ཁོན།༣,,,,དུར།
27-04-2024,༡༩,བོད་ཟླ་ ༣,སྤེན།,ལྷ་མཚམས།,ས་༢,སྤྲེལ།,དྭ།༤,,,,ཤིད།
28-04-2024,༢༠,བོད་ཟླ་ ༣,ཉི།,སྣྲོན།,ས་མེ།,བྱ་,ཁེན།༥,ཀླུ་ཐེབས།,འདི་ནས་རྗེས་ཟླའི་ཚེས་ ༡༩ བར་བུམ་སྟོང་ཤར།,,སྤྱི།
29-04-2024,༢༡,བོད་ཟླ་ ༣,ཟླ།,སྣྲུབས།,ཆུ་༢,ཁྱི།,ཁམ།༦,,,,མགྲོན།
30-04-2024,༢༢,བོད་ཟླ་ ༣,དམར།,ཆུ་སྟོད།,མེ་ཆུ།,ཕག,གིན།༧,ཀླུ་ཐེབས།,,,ཚོང་།
01-05-2024,༢༣,བོད་ཟླ་ ༣,ལྷག,ཆུ་སྨད།,ས་ཆུ།,བྱི།,ཟིན།༨,,,,བུ།
02-05-2024,༢༤,བོད་ཟླ་ ༣,ཕུར།,གྲོ་བཞིན།,ས་རླུང་།,གླང་།,ཟོན།༩,,,,དམག
03-05-2024,༢༥,བོད་ཟླ་ ༣,སངས།,མོན་གྲེ།,ས་ཆུ།,སྟག,ལི།༡,,,,གཉེན།
04-05-2024,༢༦,བོད་ཟླ་ ༣,སྤེན།,མོན་གྲུ། (ཆུ་ཚོད་ ༡༦:༣༦ ནས་ཁྲུམས་སྟོད།),ས་༢ (ས་མེ།),ཡོས།,ཁོན།༢,,,,མཁར།
05-05-2024,༢༧,བོད་ཟླ་ ༣,ཉི།,ཁྲུམས་སྟོད། (ཆུ་ཚོད་ ༡༤:༣༦ ནས་ཁྲུམས་སྨད།),མེ་༢,འབྲུག,དྭ།༣,སྲེག་ཚེས།,མེ་ཁམས་སྙིང་རྩ་ཞག་ ༧༢ རྒྱུ།,,བག
06-05-2024,༢༨,བོད་ཟླ་ ༣,ཟླ།,ཁྲུམས་སྨད།,ཆུ་༢,སྦྲུལ།,ཁེན།༤,,,,དུར།
07-05-2024,༢༩,བོད་ཟླ་ ༣,དམར།,ནམ་གྲུ། (ཆུ་ཚོད་ ༡༡:༢༤ ནས་ཐ་སྐར།),མེ་ཆུ། (མེ་རླུང་།),རྟ།,ཁམ།༥,,,གསོ་སྦྱོང་།,ཤིད།
08-05-2024,༣༠,བོད་ཟླ་ ༣,ལྷག,ཐ་སྐར།,ཆུ་རླུང་།,ལུག,གིན།༦,,,,སྤྱི།
09-05-2024,༡ (༢ ཆད།),བོད་ཟླ་ ༤,ཕུར།,བྲ་ཉེ།,མེ་རླུང་།,སྤྲེལ།,ཟིན།༧,,རྒྱ་ཟླ་ ༤ ཆུང་། ཚེས་ ༢།,,མགྲོན།
10-05-2024,༣,བོད་ཟླ་ ༤,སངས།,སྨིན་དྲུག (ཆུ་ཚོད་ ༧:༢༤ ནས་སྣར་མ།),ས་མེ། (ས་༢),ཁྱི།,ལི།༩,,,,བུ།
11-05-2024,༤,བོད་ཟླ་ ༤,སྤེན།,སྣར་མ། (ཆུ་ཚོད་ ༧:༢༤ ནས་མགོ།),ས་༢ (ས་རླུང་།),ཕག,ཁོན།༡,,,,དམག
12-05-2024,༥,བོད་ཟླ་ ༤,ཉི།,མགོ།(ཆུ་ཚོད་ ༨:༡༢ ནས་ལག),མེ་རླུང་། (མེ་ཆུ།),བྱི།,དྭ།༢,,,,གཉེན།
13-05-2024,༦,བོད་ཟླ་ ༤,ཟླ།,ལག (ཆུ་ཚོད་ ༩:༢༤ ནས་ནབས་སོ།),ཆུ་༢ (ཆུ་རླུང་།),གླང་།,ཁེན།༣,,,,མཁར། དབུལ།
14-05-2024,༧,བོད་ཟླ་ ༤,དམར།,ནབས་སོ། (ཆུ་ཚོད་ ༡༡:༠༠ ནས་རྒྱལ།),མེ་རླུང་། (མེ་༢),སྟག,ཁམ།༤,ཡན་ཀྭོང་།,,,བག
15-05-2024,༨,བོད་ཟླ་ ༤,ལྷག,རྒྱལ། (ཆུ་ཚོད་ ༡༢:༣༦ ནས་སྐག),མེ་ཆུ། (ཆུ་༢),ཡོས།,གིན།༥,,,,དུར།
16-05-2024,༨ ལྷག,བོད་ཟླ་ ༤,ཕུར།,སྐག (ཆུ་ཚོད་ ༡༣:༠༠ ནས་མཆུ།),ཆུ་རླུང་། (མེ་རླུང་།),,,,,,དུར།
17-05-2024,༩,བོད་ཟླ་ ༤,སངས།,མཆུ།,ས་མེ།,འབྲུག,ཟིན།༦,,,འཛམ་གླིང་ཁྲག་རླུང་སྟོད་འཚངས་ཉིན་མོ།,ཤིད།
18-05-2024,༡༠,བོད་ཟླ་ ༤,སྤེན།,གྲེ།,ས་མེ།,སྦྲུལ།,ཟོན།༧,,,,སྤྱི།
19-05-2024,༡༡,བོད་ཟླ་ ༤,ཉི།,དབོ།,མེ་རླུང་།,རྟ།,ལི།༨,སྲེག་ཚེས་སུ།,,,མགྲོན།
20-05-2024,༡༢,བོད་ཟླ་ ༤,ཟླ།,མེ་བཞི།,ཆུ་རླུང་།,ལུག,ཁོན།༩,,,,ཚོང་།
21-05-2024,༡༣,བོད་ཟླ་ ༤,དམར།,ནག་པ།,མེ་རླུང་།,སྤྲེལ།,དྭ།༡,,,,བུ།
22-05-2024,༡༤,བོད་ཟླ་ ༤,ལྷག,ས་རི།,ཆུ་རླུང་།,བྱ།,ཁེན།༢,,,གསོ་སྦྱོང་།,དམག
23-05-2024,༡༥,བོད་ཟླ་ ༤,ཕུར།,ས་ག,མེ་རླུང་།,ཁྱི།,ཁམ།༣,,,ས་ཟླའི་དུས་ཆེན།,གཉེན།
24-05-2024,༡༦,བོད་ཟླ་ ༤,སངས།,ལྷ་མཚམས།,ས་༢,ཕག,གིན།༤,སྲེག་ཚེས་སུ།,,,མཁར།
25-05-2024,༡༧,བོད་ཟླ་ ༤,སྤེན།,ལྷ་མཚམས།,ས་༢,བྱི།,ཟིན།༥,,,,བག
26-05-2024,༡༨,བོད་ཟླ་ ༤,ཉི།,སྣྲོན། (ཆུ་ཚོད་ ༧:༠༠ ནས་སྣྲུབས།),ས་མེ། (མེ་ཆུ།),གླང་།,ཟོན།༦,,,,དུར།
27-05-2024,༡༩,བོད་ཟླ་ ༤,ཟླ།,སྣྲུབས།,ཆུ་༢,སྟག,ལི།༧,,,,ཤིད།
28-05-2024,༢༠,བོད་ཟླ་ ༤,དམར།,ཆུ་སྟོད། (ཆུ་ཚོད་ ༦:༡༢ ནས་ཆུ་སྨད།),མེ་ཆུ། (ས་མེ།),ཡོས།,ཁོན།༨,ཀླུ་ཐེབས།,འདི་ནས་རྗེས་ཟླའི་ཚེས་ ༢༡ བར་བུམ་སྟོང་ལྷོ།,,སྤྱི།
29-05-2024,༢༡,བོད་ཟླ་ ༤,ལྷག,གྲོ་བཞིན།,ས་ཆུ།,འབྲུག,དྭ།༩,,,,མགྲོན།
30-05-2024,༢༢,བོད་ཟླ་ ༤,ཕུར།,མོན་གྲེ།,ཆུ་རླུང་།,སྦྲུལ།,ཁེན།༡,,,,ཚོང་།དབུལ།
31-05-2024,༢༣,བོད་ཟླ་ ༤,སངས།,མོན་གྲུ།,ས་༢,རྟ།,ཁམ།༢,,,འཛམ་གླིང་རྡོ་ཐ་སྤོང་བའི་ཉིན་མོ།,བུ།
01-06-2024,༢༤ (༢༥ ཆད།),བོད་ཟླ་ ༤,སྤེན།,ཁྲུམས་སྟོད།,ས་མེ།,ལུག,གིན།༣,ཉི་ནག,,,དམག
02-06-2024,༢༦,བོད་ཟླ་ ༤,ཉི།,ཁྲུམས་སྨད།,མེ་ཆུ།,བྱ།,ཟོན།༥,སྲེག་ཚེས།,,,མཁར།
03-06-2024,༢༧,བོད་ཟླ་ ༤,ཟླ།,ནམ་གྲུ།,ཆུ་༢,ཁྱི།,ལི།༦,,,,བག
04-06-2024,༢༨,བོད་ཟླ་ ༤,དམར།,ཐ་སྐར།,མེ་རླུང་།,ཕག,ཁོན།༧,,,,དུར།
05-06-2024,༢༩,བོད་ཟླ་ ༤,ལྷག,བྲ་ཉེ།,མེ་ཆུ།,བྱི།,དྭ།༨,,,,ཤིད།
06-06-2024,༣༠,བོད་ཟླ་ ༤,ཕུར།,སྨིན་དྲུག (ཆུ་ཚོད་ ༡༥:༢༤ ནས་སྣར་མ།),མེ་རླུང་། (ས་རླུང་།),གླང་།,ཁེན།༩,,,གསོ་སྦྱོང་།,སྤྱི།
07-06-2024,༡,བོད་ཟླ་ ༥,སངས།,སྣར་མ། (ཆུ་ཚོད་ ༡༥:༠༠ ནས་མགོ།),ས་༢ (ས་རླུང་།),སྟག,ཁམ།༡,,རྒྱ་ཟླ་ ༥ ཆེ། ཚེས་ ༢།,འཛམ་གླིང་ཁ་ཟས་ཉེན་སྲུང་ཉིན་མོ།,མགྲོན།
08-06-2024,༢,བོད་ཟླ་ ༥,སྤེན།,མགོ། (ཆུ་ཚོད་ ༡༥:༢༤ ནས་ལག),ས་རླུང་། (ས་ཆུ།),ཡོས།,གིན།༢,,,,ཚོང་།
09-06-2024,༣,བོད་ཟླ་ ༥,ཉི།,ལག (ཆུ་ཚོད་ ༡༦:༡༢ ནས་ནབས་སོ།),མེ་ཆུ། (མེ་རླུང་།),འབྲུག,ཟིན།༣,,,,བུ།
10-06-2024,༤,བོད་ཟླ་ ༥,ཟླ།,ནབས་སོ།,ཆུ་རླུང་།,སྤྲུལ།,ཟོན།༤,ཡན་ཀྭོང་།,,,དམག
11-06-2024,༥,བོད་ཟླ་ ༥,དམར།,རྒྱལ།,མེ་༢,རྟ།,ལི།༥,,,,གཉེན།
12-06-2024,༦,བོད་ཟླ་ ༥,ལྷག,སྐག,ཆུ་༢,ལུག,ཁོན།༦,,,,མཁར།
13-06-2024,༧,བོད་ཟླ་ ༥,ཕུར།,མཆུ།,མེ་རླུང་།,སྤྲེལ།,དྭ།༧,,,,བག དབུལ།
14-06-2024,༨,བོད་ཟླ་ ༥,སངས།,གྲེ།,ས་མེ།,བྱ།,ཁེན།༨,ཞག་ངན།,,འཛམ་གླིང་ཟུངས་ཁྲག་སྦྱིན་མཁན་ཉིན་མོ།,དུར།
15-06-2024,༩,བོད་ཟླ་ ༥,སྤེན།,དབོ།,ས་རླུང་།,ཁྱི།,ཁམ།༩,ཀླུ་ཐེབས། ཉི་ནག,,,ཤིད།
16-06-2024,༡༠,བོད་ཟླ་ ༥,ཉི།,མེ་བཞི།,མེ་རླུང་།,ཕག,གིན།༡,,,,སྤྱི།
17-06-2024,༡༡,བོད་ཟླ་ ༥,ཟླ།,མེ་བཞི།,ཆུ་རླུང་།,བྱི།,ཟིན།༢,སྲེག་ཚེས།,,,མགྲོན།
18-06-2024,༡༢,བོད་ཟླ་ ༥,དམར།,ནག་པ།,མེ་རླུང་།,གླང་།,ཟོན།༣,,,,ཚོང་།
19-06-2024,༡༣,བོད་ཟླ་ ༥,ལྷག,ས་རི། (ཆུ་ཚོད་ ༡༢:༡༢ ནས་ས་ག),ཆུ་རླུང་། (མེ་ཆུ།),སྟག,ལི།༤,,,,བུ།
20-06-2024,༡༤,བོད་ཟླ་ ༥,ཕུར།,ས་ག (ཆུ་ཚོད་ ༡༣:༢༤ ནས་ལྷ་མཚམས།),མེ་རླུང་། (ས་རླུང་།),ཡོས།,ཁོན།༥,,,,དམག
21-06-2024,༡༤ ལྷག,བོད་ཟླ་ ༥,སངས།,ལྷ་མཚམས།,ས་༢,,,,དབྱར་ཉི་ལྡོག,གསོ་སྦྱོང་། འཛམ་གླིང་ཡོ་གཱ་ཉིན་མོ།,དམག
22-06-2024,༡༥,བོད་ཟླ་ ༥,སྤེན།,སྣྲོན། (ཆུ་ཚོད་ ༡༤:༣༦ ནས་སྣྲུབས།),ས་༢ (ས་ཆུ།),འབྲུག,དྭ།༦,,,འཛམ་གླིང་སྤྱི་བསངས།,གཉེན།
23-06-2024,༡༦ (༡༧ ཆད།),བོད་ཟླ་ ༥,ཉི།,སྣྲུབས།,མེ་ཆུ།,སྦྲུལ།,ཁེན།༧,,,,མཁར།
24-06-2024,༡༨,བོད་ཟླ་ ༥,ཟླ།,ཆུ་སྟོད། (ཆུ་ཚོད་ ༠:༠ ནས་ཆུ་སྨད།),ཆུ་༢ (ས་ཆུ།),ལུག,གིན།༩,,,,དུར།
25-06-2024,༡༩,བོད་ཟླ་ ༥,དམར།,ཆུ་སྨད།,ས་མེ།,སྤྲེལ།,ཟིན།༡,ཀླུ་ཐེབས།,,,ཤིད། དབུལ།
26-06-2024,༢༠,བོད་ཟླ་ ༥,ལྷག,གྲོ་བཞིན། (ཆུ་ཚོད་ ༡༡:༢༤ ནས་མོན་གྲེ།),ས་ཆུ། (ཆུ་༢),བྱ།,ཟོན།༢,,,,སྤྱི།
27-06-2024,༢༡,བོད་ཟླ་ ༥,ཕུར།,མོན་གྲེ། (ཆུ་ཚོད་ ༩:༤༨ ནས་མོན་གྲུ།),ཆུ་རླུང་། (ས་རླུང་།),ཁྱི།,ལི།༣,སྲེག་ཚེས།,,,མགྲོན།
28-06-2024,༢༢,བོད་ཟླ་ ༥,སངས།,མོན་གྲུ། (ཆུ་ཚོད་ ༨:༡༢ ནས་ཁྲུམས་སྟོད།),ས་༢ (ས་མེ།),ཕག,ཁོན།༤,,འདི་ནས་རྗེས་ཟླའི་ཚེས་ ༢༢ བར་བུམ་སྟོང་ནུབ།,,ཚོང་།
29-06-2024,༢༣,བོད་ཟླ་ ༥,སྤེན།,ཁྲུམས་སྨད།,ས་ཆུ།,བྱི།,དྭ།༥,,,,བུ།
30-06-2024,༢༤,བོད་ཟླ་ ༥,ཉི།,ནམ་གྲུ།,མེ་ཆུ།,གླང་།,ཁེན།༦,,,,དམག
01-07-2024,༢༥,བོད་ཟླ་ ༥,ཟླ།,ཐ་སྐར།,ཆུ་རླུང་།,སྟག,ཁམ།༧,སྲེག་ཚེས་སུ།,,,གཉེན།
02-07-2024,༢༦,བོད་ཟླ་ ༥,དམར།,བྲ་ཉེ།,མེ་༢,ཡོས།,གིན།༨,,,,མཁར།
03-07-2024,༢༧ (༢༨ ཆད།),བོད་ཟླ་ ༥,ལྷག,སྨིན་དྲུག,མེ་ཆུ།,འབྲུག,ཟིན།༩,,,,བག
04-07-2024,༢༩,བོད་ཟླ་ ༥,ཕུར།,སྣར་མ།,ས་རླུང་།,རྟ།,ལི།༢,,,,ཤིད།
05-07-2024,༣༠,བོད་ཟླ་ ༥,སངས།,མགོ།,ས་རླུང་།,ལུག,ཁོན།༣,,,གསོ་སྦྱོང་།,སྤྱི།
06-07-2024,༡,བོད་ཟླ་ ༦,སྤེན།,ལག,ས་ཆུ།,སྤྲེལ།,དྭ།༤,,རྒྱ་ཟླ་ ༦ ཆུང་། ཚེས་ ༡།,ྋགོང་ས་མཆོག་གི་འཁྲུངས་སྐར།,མགྲོན།
07-07-2024,༢,བོད་ཟླ་ ༦,ཉི།,ནབས་སོ།,མེ་རླུང་།,བྱ།,ཁེན།༥,,,,ཚོང་།
08-07-2024,༣,བོད་ཟླ་ ༦,ཟླ།,རྒྱལ།,མེ་ཆུ།,ཁྱི།,ཁམ།༦,ཡན་ཀྭོང་།,,,བུ།
09-07-2024,༤,བོད་ཟླ་ ༦,དམར།,སྐག,མེ་ཆུ།,ཕག,གིན།༧,,,ཆོས་འཁོར་དུས་ཆེན།,དམག
10-07-2024,༤ ལྷག,བོད་ཟླ་ ༦,ལྷག,མཆུ།,མེ་ཆུ།,,,,,,དམག
11-07-2024,༥,བོད་ཟླ་ ༦,ཕུར།,མཆུ།,མེ་རླུང་།,བྱི།,ཟིན།༨,སྲེག་ཚེས་སུ།,,,གཉེན།
12-07-2024,༦,བོད་ཟླ་ ༦,སངས།,གྲེ། (ཆུ་ཚོད་ ༩:༢༤ ནས་དབོ།),ས་མེ། (ས་རླུང་།),གླང་།,ཟོན།༩,,,,མཁར།
13-07-2024,༧,བོད་ཟླ་ ༦,སྤེན།,དབོ།,ས་རླུང་།,སྟག,ལི།༡,སྲེག་ཚེས།,,,བག
14-07-2024,༨,བོད་ཟླ་ ༦,ཉི།,མེ་བཞི།,མེ་རླུང་།,ཡོས།,ཁོན།༢,,,,དུར། དབུལ།
15-07-2024,༩,བོད་ཟླ་ ༦,ཟླ།,ནག་པ།,ཆུ་རླུང་།,འབྲུག,དྭ།༣,,,,ཤིད།
16-07-2024,༡༠,བོད་ཟླ་ ༦,དམར།,ས་རི།,མེ་རླུང་།,སྦྲུལ།,ཁེན།༤,སྲེག་ཚེས།,,,སྤྱི། དབུལ།
17-07-2024,༡༡,བོད་ཟླ་ ༦,ལྷག,ས་ག,མེ་ཆུ།,རྟ།,ཁམ།༥,,,,མགྲོན།
18-07-2024,༡༢,བོད་ཟླ་ ༦,ཕུར།,ལྷ་མཚམས།,ས་རླུང་།,ལུག,གིན།༦,,,,ཚོང་།
19-07-2024,༡༣,བོད་ཟླ་ ༦,སངས།,སྣྲོན།,ས་༢,སྤྲེལ།,ཟིན།༧,,,,བུ།
20-07-2024,༡༤,བོད་ཟླ་ ༦,སྤེན།,སྣྲུབས།,ས་ཆུ།,བྱ།,ཟོན།༨,,ས་ཁམས་མཆེར་རྩ་ཞག་ ༡༨ རྒྱུ།,གསོ་སྦྱོང་།,དམག
21-07-2024,༡༥,བོད་ཟླ་ ༦,ཉི།,ཆུ་སྟོད།,མེ་ཆུ།,ཁྱི།,ལི།༩,ཀླུ་ཐེབས།,,,གཉེན།
22-07-2024,༡༦,བོད་ཟླ་ ༦,ཟླ།,ཆུ་སྨད།,ས་ཆུ།,ཕག,ཁོན།༡,ཞག་ངན།,,,མཁར།
23-07-2024,༡༧,བོད་ཟླ་ ༦,དམར།,གྲོ་བཞིན།,ས་མེ།,བྱི།,དྭ།༢,,,,བག
24-07-2024,༡༨,བོད་ཟླ་ ༦,ལྷག,མོན་གྲེ།,ཆུ་༢,གླང་།,ཁེན།༣,སྲེག་ཚེས། ཉི་ནག,,,དུར།
25-07-2024,༡༩,བོད་ཟླ་ ༦,ཕུར།,མོན་གྲུ།,ས་རླུང་།,སྟག,ཁམ།༤,,,,ཤིད།
26-07-2024,༢༠ (༢༡ ཆད།),བོད་ཟླ་ ༦,སངས།,ཁྲུམས་སྟོད། (ཆུ་ཚོད་ ༡༥:༤༨ ནས་ཁྲུམས་སྨད།),ས་མེ། (ས་ཆུ།),ཡོས།,གིན།༥,,,,སྤྱི།
27-07-2024,༢༢,བོད་ཟླ་ ༦,སྤེན།,ཁྲུམས་སྨད།,ས་ཆུ།,སྦྲུལ།,ཟོན།༧,སྲེག་ཚེས།,,,ཚོང་།
28-07-2024,༢༣,བོད་ཟླ་ ༦,ཉི།,ནམ་གྲུ། (ཆུ་ཚོད་ ༡༠:༣༦ ནས་ཐ་སྐར།),མེ་ཆུ། (མེ་རླུང་།),རྟ།,ལི།༨,,འདི་ནས་རྗེས་ཟླའི་ཚེས་ ༢༢ བར་བུམ་སྟོང་བྱང་།,འཛམ་གླིང་མཆིན་པའི་གཉན་ཚད་ཉིན་མོ།,བུ།
29-07-2024,༢༤,བོད་ཟླ་ ༦,ཟླ།,ཐ་སྐར། (ཆུ་ཚོད་ ༩:༠༠ ནས་བྲ་ཉེ།),ཆུ་རླུང་། (མེ་ཆུ།),ལུག,ཁོན།༩,,,,དམག
30-07-2024,༢༥,བོད་ཟླ་ ༦,དམར།,བྲ་ཉེ།,མེ་༢,སྤྲེལ།,དྭ།༡,སྲེག་ཚེས།,,,གཉེན།
31-07-2024,༢༦,བོད་ཟླ་ ༦,ལྷག,སྨིན་དྲུག (ཆུ་ཚོད་ ༧:༠༠ ནས་སྣར་མ།),མེ་ཆུ། (ས་ཆུ།),བྱ།,ཁེན།༢,,,,མཁར།
01-08-2024,༢༧,བོད་ཟླ་ ༦,ཕུར།,སྣར་མ། (ཆུ་ཚོད་ ༦:༣༦ ནས་མགོ།),ས་རླུང་། (རླུང་༢),ཁྱི།,ཁམ།༣,,,,བག
02-08-2024,༢༨,བོད་ཟླ་ ༦,སངས།,མགོ། (ཆུ་ཚོད་ ༧:༠༠ ནས་ལག),ས་རླུང་། (ས་ཆུ།),ཕག,གིན།༤,,,,དུར།
03-08-2024,༢༩,བོད་ཟླ་ ༦,སྤེན།,ལག (ཆུ་ཚོད་ ༧:༤༨ ནས་ནབས་སོ།),ས་ཆུ། (ས་རླུང་།),བྱི།,ཟིན།༥,,,,ཤིད།
04-08-2024,༣༠,བོད་ཟླ་ ༦,ཉི།,ནབས་སོ། (ཆུ་ཚོད་ ༩:༠༠ ནས་རྒྱལ།),མེ་རླུང་། (མེ་༢),གླང་།,ཟོན།༦,ཡན་ཀྭོང་།,,གསོ་སྦྱོང་།,སྤྱི།
05-08-2024,༡,བོད་ཟླ་ ༦ ཕྱི།,ཟླ།,རྒྱལ། (ཆུ་ཚོད་ ༡༠:༣༦ ནས་སྐག),མེ་ཆུ། (ཆུ་༢),སྤྲེལ།,དྭ། ༤,,,རྒྱ་ཟླ་༧ ཆེ། ཚེས་ ༢།,མགྲོན།
06-08-2024,༢,བོད་ཟླ་ ༦ ཕྱི།,དམར།,སྐག (ཆུ་ཚོད་ ༡༢:༣༦ ནས་མཆུ།),མེ་ཆུ། (མེ་༢),བྱ།,ཁེན།༥,,,,ཚོང་།
07-08-2024,༣,བོད་ཟླ་ ༦ ཕྱི།,ལྷག,མཆུ།,མེ་ཆུ།,ཁྱི།,ཁམ།༦,སྲེག་ཚེས།,ལྕགས་ཁམས་གློ་རྩ་ཞག་༧༢ རྒྱུ།,,བུ།
08-08-2024,༤,བོད་ཟླ་ ༦ ཕྱི།,ཕུར།,གྲེ། (ཆུ་ཚོད་ ༡༧:༠༠ ནས་དབོ།),མེ་རླུང་། (རླུང་༢),ཕག,གིན།༧,,,,དམག
09-08-2024,༥,བོད་ཟླ་ ༦ ཕྱི།,སངས།,དབོ།,ས་རླུང་།,བྱི,ཟིན།༨,,,,གཉེན།
10-08-2024,༦,བོད་ཟླ་ ༦ ཕྱི།,སྤེན།,མེ་བཞི།,ས་རླུང་།,གླང་།,ཟོན།༩,,,,མཁར།
11-08-2024,༧,བོད་ཟླ་ ༦ ཕྱི།,ཉི།,ནག་པ།,མེ་རླུང་།,སྟག,ལི།༡,,,,བག
12-08-2024,༨,བོད་ཟླ་ ༦ ཕྱི།,ཟླ།,ས་རི།,ཆུ་རླུང་།,ཡོས།,ཁོན།༢,,,,དུར། དབུལ།
13-08-2024,༩,བོད་ཟླ་ ༦ ཕྱི།,དམར།,ས་ག,མེ་༢,འབྲུག,དྭ།༣,,,,ཤིད།
14-08-2024,༡༠,བོད་ཟླ་ ༦ ཕྱི།,ལྷག,ལྷ་མཚམས།,ས་ཆུ།,སྦྲུལ།,ཁེན།༤,,,,སྤྱི། དབུལ
15-08-2024,༡༡,བོད་ཟླ་ ༦ ཕྱི།,ཕུར།,ལྷ་མཚམས།,ས་རླུང།,རྟ།,ཁམ།༥,,,རྒྱ་གར་རང་བཙན་ཉིན་མོ།,མགྲོན།
16-08-2024,༡༢,བོད་ཟླ་ ༦ ཕྱི།,སངས།,སྣྲོན། (ཆུ་ཚོད་ ༦:༣༦ ནས་སྣྲུབས།),ས་༢ (ས་ཆུ།),ལུག,གིན།༦,,,,ཚོང་།
17-08-2024,༡༣,བོད་ཟླ་ ༦ ཕྱི།,སྤེན།,སྣྲུབས།,ས་ཆུ།,སྤྲེལ།,ཟིན།༧,,,,བུ།
18-08-2024,༡༤,བོད་ཟླ་ ༦ ཕྱི།,ཉི།,ཆུ་སྟོད། (ཆུ་ཚོད་ ༩:༠༠ ནས་ཆུ་སྨད།),མེ་ཆུ། (ས་མེ།),བྱ།,ཟོན།༨,,,,དམག
19-08-2024,༡༥,བོད་ཟླ་ ༦ ཕྱི།,ཟླ།,གྲོ་བཞིན།,ས་ཆུ།,ཁྱི།,ལི།༩,ཀླུ་ཐེབས།,,གསོ་སྦྱོང་།,གཉེན།
20-08-2024,༡༦,བོད་ཟླ་ ༦ ཕྱི།,དམར།,མོན་གྲེ།,མེ་ཆུ།,ཕག,ཁོན།༡,ཞག་ངན།,,,མཁར།
21-08-2024,༡༧,བོད་ཟླ་ ༦ ཕྱི།,ལྷག,མོན་གྲུ།,ས་ཆུ།,བྱི།,དྭ།༢,,,,བག
22-08-2024,༡༨,བོད་ཟླ་ ༦ ཕྱི།,ཕུར།,ཁྲུམས་སྟོད།,མེ་རླུང་།,གླང་།,ཁེན།༣,ཉི་ནག,,,དུར།
23-08-2024,༡༩,བོད་ཟླ་ ༦ ཕྱི།,སངས།,ཁྲུམས་སྨད།,ས་ཆུ།,སྟག,ཁམ།༤,,,,ཤིད།
24-08-2024,༢༠,བོད་ཟླ་ ༦ ཕྱི།,སྤེན།,ནམ་གྲུ།,ས་ཆུ།,ཡོས།,གིན།༥,,,,སྤྱི།
25-08-2024,༢༡,བོད་ཟླ་ ༦ ཕྱི།,ཉི།,ཐ་སྐར།,མེ་རླུང་།,འབྲུག,ཟིན།༦,,,,མགྲོན།
26-08-2024,༢༢ (༢༣ ཆད།),བོད་ཟླ་ ༦ ཕྱི།,ཟླ།,བྲ་ཉེ།,མེ་ཆུ།,སྦྲུལ།,ཟོན།༧,,,,ཚོང་།
27-08-2024,༢༤,བོད་ཟླ་ ༦ ཕྱི།,དམར།,སྨིན་དྲུག (ཆུ་ཚོད་ ༡༥:༠༠ ནས་སྣར་མ།),མེ་༢ (ས་མེ།),ལུག,ཁོན།༩,,འདི་ནས་རྗེས་ཟླའི་ཚེས་ ༢༤ བར་བུམ་སྟོང་ཤར།,,དམག
28-08-2024,༢༥,བོད་ཟླ་ ༦ ཕྱི།,ལྷག,སྣར་མ། (ཆུ་ཚོད་ ༡༤:༣༦ ནས་མགོ།),ས་ཆུ། (ཆུ་རླུང་།),སྤྲེལ།,དྭ། ༡,,,,གཉེན།
29-08-2024,༢༦,བོད་ཟླ་ ༦ ཕྱི།,ཕུར།,མགོ། (ཆུ་ཚོད་ ༡༤:༣༦ ནས་ལག),རླུང་༢ (ཆུ་རླུང་།),བྱ།,ཁེན།༢,,,,མཁར།
30-08-2024,༢༧,བོད་ཟླ་ ༦ ཕྱི།,སངས།,ལག (ཆུ་ཚོད་ ༡༥:༢༤ ནས་ནབས་སོ།),ས་ཆུ། (ས་རླུང་།),ཁྱི།,ཁམ།༣,,,,བག
31-08-2024,༢༨,བོད་ཟླ་ ༦ ཕྱི།,སྤེན།,ནབས་སོ། (ཆུ་ཚོད་ ༡༦:༣༦ ནས་རྒྱལ།),ས་རླུང་། (ས་མེ།),ཕག,གིན།༤,,,,དུར།
01-09-2024,༢༩,བོད་ཟླ་ ༦ ཕྱི།,ཉི།,རྒྱལ།,མེ་༢,བྱི།,ཟིན།༥,ཡན་ཀྭོང་།,,,ཤིད།
02-09-2024,༣༠,བོད་ཟླ་ ༦ ཕྱི།,ཟླ།,སྐག,ཆུ་༢,གླང་།,ཟོན།༦,,,བོད་ལྗོངས་མང་གཙོ།,སྤྱི།
03-09-2024,༡,བོད་ཟླ་ ༧,དམར།,མཆུ།,མེ་༢,སྟག,ལི།༧,ཀླུ་ཐེབས།,རྒྱ་ཟླ་ ༨ ཆེ། ཚེས་ ༡།,གསོ་སྦྱོང་།,མགྲོན།
04-09-2024,༡ ལྷག,བོད་ཟླ་ ༧,ལྷག,གྲེ།,མེ་ཆུ།,,,,,,མགྲོན།
05-09-2024,༢,བོད་ཟླ་ ༧,ཕུར།,དབོ།,རླུང་༢,ཡོས།,ཁོན།༨,,,,ཚོང་།
06-09-2024,༣,བོད་ཟླ་ ༧,སངས།,མེ་བཞི།,ས་རླུང་།,འབྲུག,དྭ།༩,,,,བུ།
07-09-2024,༤,བོད་ཟླ་ ༧,སྤེན།,ནག་པ།,ས་རླུང་།,སྦྲུལ།,ཁེན།༡,,,,དམག
08-09-2024,༥,བོད་ཟླ་ ༧,ཉི།,ནག་པ། (ཆུ་ཚོད་ ༧:༤༨ ནས་ས་རི།),མེ་རླུང་། (ས་རླུང་།),རྟ།,ཁམ།༢,,,,གཉེན།
09-09-2024,༦,བོད་ཟླ་ ༧,ཟླ།,ས་རི། (ཆུ་ཚོད་ ༩:༤༨ ནས་ས་ག),ཆུ་རླུང་། (མེ་ཆུ།),ལུག,གིན།༣,,སྐར་མ་རི་བྱི་འཆར། ཞག་༧ རིང་ཁྲུས་ལ་ཞུགས།,,མཁར།
10-09-2024,༧,བོད་ཟླ་ ༧,དམར།,ས་ག (ཆུ་ཚོད་ ༡༡:༤༨ ནས་ལྷ་མཚམས།),མེ་༢ (ས་མེ།),སྤྲེལ།,ཟིན།༤,,,,བག
11-09-2024,༨,བོད་ཟླ་ ༧,ལྷག,ལྷ་མཚམས།,ས་ཆུ།,བྱ།,ཟོན།༥,,,,དུར།
12-09-2024,༩,བོད་ཟླ་ ༧,ཕུར།,ཆུ་ཚོད་ ༡༣:༤༨ ནས་སྣྲོན།,ས་རླུང་། (ཆུ་རླུང་།),ཁྱི།,ལི།༦,,,,ཤིད།
13-09-2024,༡༠,བོད་ཟླ་ ༧,སངས།,སྣྲོན།,ས་ཆུ།,ཕག,ཁོན།༧,,,,སྤྱི།
14-09-2024,༡༡,བོད་ཟླ་ ༧,སྤེན།,ཆུ་སྟོད། (ཆུ་ཚོད་ ༡༤:༡༢ ནས་ཆུ་སྨད།),ས་ཆུ། (ས་༢),བྱི།,དྭ།༨,,,,མགྲོན།
15-09-2024,༡༢,བོད་ཟླ་ ༧,ཉི།,ཆུ་སྨད།,ས་མེ།,གླང་།,ཁེན།༩,,,,ཚོང་།
16-09-2024,༡༣,བོད་ཟླ་ ༧,ཟླ།,གྲོ་བཞིན། (ཆུ་ཚོད་ ༡༢:༡༢ ནས་མོན་གྲེ།),ས་ཆུ། (ཆུ་༢),སྟག,ཁམ།༡,,དབྱར་ཞག་ ༨༨ རྫོགས།,,བུ།
17-09-2024,༡༤,བོད་ཟླ་ ༧,དམར།,མོན་གྲེ། (ཆུ་ཚོད་ ༡༠:༠༣༦ ནས་མོན་གྲུ།),མེ་ཆུ། (ས་མེ།),ཡོས།,གིན།༢,,,འཛམ་གླིང་ནད་པའི་ཉེན་སེལ་ཉིན་མོ།,དམག
18-09-2024,༡༥ (༡༦ ཆད།),བོད་ཟླ་ ༧,ལྷག,མོན་གྲུ། (ཆུ་ཚོད་ ༩:༠༠ནས་ཁྲུམས་སྟོད།),ས་ཆུ། (མེ་ཆུ།),འབྲུག,ཟིན།༣,,,གསོ་སྦྱོང་།,གཉེན།
19-09-2024,༡༧,བོད་ཟླ་ ༧,ཕུར།,ཁྲུམས་སྨད།,ཆུ་རླུང་།,རྟ།,ལི།༥,,,,བག
20-09-2024,༡༨,བོད་ཟླ་ ༧,སངས།,ནམ་གྲུ།,ས་ཆུ།,ལུག,ཁོན།༦,,,,དུར།
21-09-2024,༡༩,བོད་ཟླ་ ༧,སྤེན།,ཐ་སྐར།,ས་རླུང་།,སྤྲེལ།,དྭ།༧,,,,ཤིད།
22-09-2024,༢༠,བོད་ཟླ་ ༧,ཉི།,བྲ་ཉེ།,མེ་༢,བྱ།,ཁེན།༨,,སྟོན་ཉིན་མཚན་མཉམ།,,སྤྱི།
23-09-2024,༢༡,བོད་ཟླ་ ༧,ཟླ།,སྨིན་དྲུག,མེ་ཆུ།,ཁྱི།,ཁམ།༩,ཀླུ་ཐེབས།,,,མགྲོན།
24-09-2024,༢༢,བོད་ཟླ་ ༧,དམར།,སྣར་མ།,ས་མེ།,ཕག,གིན།༡,ཀླུ་ཐེབས།,,,ཚོང་། དབུལ།
25-09-2024,༢༣,བོད་ཟླ་ ༧,ལྷག,མགོ།,ཆུ་རླུང་།,བྱི།,ཟིན།༢,,,,བུ།
26-09-2024,༢༤,བོད་ཟླ་ ༧,ཕུར།,ལག,ཆུ་རླུང་།,གླང་།,ཟོན།༣,,,,དམག
27-09-2024,༢༥,བོད་ཟླ་ ༧,སངས།,ནབས་སོ།,ས་རླུང་།,སྟག,ལི།༤,,འདི་ནས་རྗེས་ཟླའི་ཚེས་ ༢༥ བར་བུམ་སྟོང་ལྷོ།,,གཉེན།
28-09-2024,༢༦,བོད་ཟླ་ ༧,སྤེན།,རྒྱལ།,ས་མེ།,ཡོས།,ཁོན།༥,,,,མཁར།
29-09-2024,༢༧,བོད་ཟླ་ ༧,ཉི།,སྐག,མེ་ཆུ།,འབྲུག,དྭ།༦,སྲེག་ཚེས། ཡན་ཀྭོང་།ཉི་ནག,,,བག
30-09-2024,༢༨,བོད་ཟླ་ ༧,ཟླ།,མཆུ།,མེ་ཆུ།,སྦྲུལ།,ཁེན།༧,,,,དུར།
01-10-2024,༢༩,བོད་ཟླ་ ༧,དམར།,མཆུ།,མེ་༢,རྟ།,ཁམ།༨,,,,ཤིད། དབུལ།
02-10-2024,༣༠,བོད་ཟླ་ ༧,ལྷག,གྲེ། (ཆུ་ཚོད་ ༨:༣༦ ནས་དབོ།),མེ་ཆུ། (ཆུ་རླུང་།),ལུག,གིན།༩,ཞག་ངན།,,གསོ་སྦྱོང་། གཱཾདྷིའི་འཁྲུངས་སྐར།,སྤྱི།
03-10-2024,༡,བོད་ཟླ་ ༨,ཕུར།,དབོ།,རླུང་༢,སྤྲེལ།,ཟིན།༡,,རྒྱ་ཟླ་ ༩ ཆུང་། ཚེས་ ༡།,,མགྲོན། དབུལ།
04-10-2024,༢,བོད་ཟླ་ ༨,སངས།,མེ་བཞི།,ས་རླུང་།,བྱ།,ཟོན།༢,སྲེག་ཚེས།,,,ཚོང་།
05-10-2024,༣,བོད་ཟླ་ ༨,སྤེན།,ནག་པ།,ས་རླུང་།,ཁྱི།,ལི།༣,,,,བུ།
06-10-2024,༤,བོད་ཟླ་ ༨,ཉི།,ས་རི།,མེ་རླུང་།,ཕག,ཁོན།༤,,,,དམག
07-10-2024,༥,བོད་ཟླ་ ༨,ཟླ།,ས་ག,མེ་ཆུ།,བྱི།,དྭ།༥,,,,གཉེན།
08-10-2024,༦,བོད་ཟླ་ ༨,དམར།,ལྷ་མཚམས།,ས་མེ།,གླང་།,ཁེན།༦,,,,མཁར།
09-10-2024,༧,བོད་ཟླ་ ༨,ལྷག,སྣྲོན།,ས་ཆུ།,སྟག,ཁམ།༧,,,,བག
10-10-2024,༨,བོད་ཟླ་ ༨,ཕུར།,སྣྲུབས།,ཆུ་རླུང་།,ཡོས།,གིན།༨,ཀླུ་ཐེབས།,,འཛམ་གླིང་སེམས་ཁམས་འཕྲོད་བསྟེན་ཉིན་མོ།,དུར།
11-10-2024,༩,བོད་ཟླ་ ༨,སངས།,ཆུ་སྟོད།,ས་ཆུ།,འབྲུག,ཟིན།༩,ཞག་ངན།,,,ཤིད།
12-10-2024,༡༠,བོད་ཟླ་ ༨,སྤེན།,ཆུ་སྨད།,ས་༢,སྦྲུལ།,ཟོན།༡,ཉི་ནག,,,སྤྱི།
13-10-2024,༡༡,བོད་ཟླ་ ༨,ཉི།,གྲོ་བཞིན།,ས་མེ།,རྟ།,ལི།༢,,,,མགྲོན།
14-10-2024,༡༢,བོད་ཟླ་ ༨,ཟླ།,མོན་གྲེ།,ཆུ་༢,ལུག,ཁོན།༣,,,,ཚོང་།
15-10-2024,༡༣,བོད་ཟླ་ ༨,དམར།,མོན་གྲུ།(ཆུ་ཚོད་ ༡༧:༠༠ ནས་ཁྲུམས་སྟོད།),ས་མེ། (མེ་༢),སྤྲེལ།,དྭ།༤,,,,བུ།
16-10-2024,༡༤,བོད་ཟླ་ ༨,ལྷག,ཁྲུམས་སྟོད། (ཆུ་ཚོད་ ༡༥:༠༠ ནས་ཁྲུམས་སྨད།),མེ་ཆུ།(ཆུ་༢),བྱ།,ཁེན།༥,,,,དམག
17-10-2024,༡༥,བོད་ཟླ་ ༨,ཕུར།,ཁྲུམས་སྨད།,ཆུ་རླུང་།,ཁྱི།,ཁམ།༦,,,གསོ་སྦྱོང་།,གཉེན།
18-10-2024,༡༦,བོད་ཟླ་ ༨,སངས།,ནམ་གྲུ། (ཆུ་ཚོད་ ༡༡:༤༨ ནས་ཐ་སྐར།),ས་ཆུ། (ས་རླུང་།),ཕག,གིན།༧,,,,མཁར།
19-10-2024,༡༧,བོད་ཟླ་ ༨,སྤེན།,ཐ་སྐར། (ཆུ་ཚོད་ ༩:༤༨ ནས་བྲ་ཉེ།),ས་རླུང་། (ས་མེ།),བྱི།,ཟིན།༨,,,,བག
20-10-2024,༡༨,བོད་ཟླ་ ༨,ཉི།,བྲ་ཉེ།,མེ་༢,གླང་།,ཟོན།༩,ཀླུ་ཐེབས།,ས་ཁམས་མཆེར་རྩ་ཞག་ ༡༨ རྒྱུ།,,དུར།
21-10-2024,༡༩ (༢༠ ཆད།),བོད་ཟླ་ ༨,ཟླ།,སྨིན་དྲུག (ཆུ་ཚོད་ ༧:༢༤ ནས་སྣར་མ།),མེ་ཆུ། (ས་ཆུ།),སྟག,ལི།༡,,,,ཤིད།
22-10-2024,༢༡,བོད་ཟླ་ ༨,དམར།,སྣར་མ། (ཆུ་ཚོད་ ༦:༡༢ ནས་མགོ།),ས་མེ། (མེ་རླུང་།),འབྲུག,དྭ།༣,,,,མགྲོན།
23-10-2024,༢༢,བོད་ཟླ་ ༨,ལྷག,མགོ། (ཆུ་ཚོད་ ༦:༡༢ ནས་ལག),ཆུ་རླུང་། (ཆུ་༢),སྦྲུལ།,ཁེན།༤,,,,ཚོང་།
24-10-2024,༢༣,བོད་ཟླ་ ༨,ཕུར།,ལག (ཆུ་ཚོད་ ༧:༠༠ ནས་ནབས་སོ།),ཆུ་རླུང་། (རླུང་༢),རྟ།,ཁམ།༥,,,,བུ།
25-10-2024,༢༤,བོད་ཟླ་ ༨,སངས།,ནབས་སོ། (ཆུ་ཚོད་ ༨:༡༢ ནས་རྒྱལ།),ས་རླུང་། (ས་མེ།),ལུག,གིན།༦,,,,དམག
26-10-2024,༢༥,བོད་ཟླ་ ༨,སྤེན།,རྒྱལ། (ཆུ་ཚོད་ ༩:༢༤ ནས་སྐག),ས་མེ། (ས་ཆུ།),སྤྲེལ།,ཟིན།༧,,,,གཉེན།
27-10-2024,༢༦,བོད་ཟླ་ ༨,ཉི།,སྐག (ཆུ་ཚོད་ ༡༡:༠༠ ནས་མཆུ།),མེ་ཆུ། (མེ་༢),བྱ།,ཟོན།༨,ཡན་ཀྭོང་།,འདི་ནས་རྗེས་ཟླའི་ཚེས་ ༢༥ བར་བུམ་སྟོང་ནུབ།,,མཁར།
28-10-2024,༢༦ ལྷག,བོད་ཟླ་ ༨,ཟླ།,མཆུ།,མེ་ཆུ།,,,སྲེག་ཚེས།,,,མཁར།
29-10-2024,༢༧,བོད་ཟླ་ ༨,དམར།,གྲེ། (ཆུ་ཚོད་ ༡༤:༡༢ ནས་དབོ།),མེ་༢ (མེ་རླུང་།),ཁྱི།,ལི།༩,,,,བག
30-10-2024,༢༨,བོད་ཟླ་ ༨,ལྷག,དབོ།,ཆུ་རླུང་།,ཕག,ཁོན།༡,,,,དུར།
31-10-2024,༢༩,བོད་ཟླ་ ༨,ཕུར།,མེ་བཞི།,རླུང་༢,བྱི།,དྭ།༢,,,,ཤིད།
01-11-2024,༣༠,བོད་ཟླ་ ༨,སངས།,ནག་པ།,ས་རླུང་།,གླང་།,ཁེན།༣,,,གསོ་སྦྱོང་།,སྤྱི།
02-11-2024,༡,བོད་ཟླ་ ༩,སྤེན།,ས་རི།,ས་རླུང་།,སྟག,ཁམ།༤,,རྒྱ་ཟླ་ ༡༠ ཆེ། ཚེས་ ༢།,,མགྲོན། དབུལ།
03-11-2024,༢,བོད་ཟླ་ ༩,ཉི།,ས་ག,མེ་༢,ཡོས།,གིན།༥,,,,ཚོང་།
04-11-2024,༣,བོད་ཟླ་ ༩,ཟླ།,ལྷ་མཚམས།,ས་ཆུ།,འབྲུག,ཟིན།༦,,,,བུ།
05-11-2024,༤,བོད་ཟླ་ ༩,དམར།,སྣྲོན།,ས་མེ།,སྦྲུལ།,ཟོན།༧,,,,དམག
06-11-2024,༥,བོད་ཟླ་ ༩,ལྷག,སྣྲུབས།,ཆུ་༢,རྟ།,ལི།༨,,,,གཉེན།
07-11-2024,༦,བོད་ཟླ་ ༩,ཕུར།,ཆུ་སྟོད།,ཆུ་རླུང་།,ལུག,ཁོན།༩,སྲེག་ཚེས།,ཆུ་ཁམས་མཁལ་རྩ་ཞག་ ༧༢ རྒྱུ།,,མཁར།
08-11-2024,༧,བོད་ཟླ་ ༩,སངས།,ཆུ་སྨད།,ས་༢,སྤྲེལ།,དྭ།༡,ཀླུ་ཐེབས།,,,བག
09-11-2024,༨,བོད་ཟླ་ ༩,སྤེན།,གྲོ་བཞིན།,ས་༢,བྱ།,ཁེན།༢,,,,དུར།
10-11-2024,༩,བོད་ཟླ་ ༩,ཉི།,མོན་གྲེ།,མེ་ཆུ།,ཁྱི།,ཁམ།༣,,,,ཤིད།
11-11-2024,༡༠,བོད་ཟླ་ ༩,ཟླ།,མོན་གྲུ།,ས་ཆུ།,ཕག,གིན།༤,,,,སྤྱི།
12-11-2024,༡༡,བོད་ཟླ་ ༩,དམར།,ཁྲུམས་སྟོད།,མེ་༢,བྱི།,ཟིན།༥,,,,མགྲོན།
13-11-2024,༡༢ (༡༣ ཆད།),བོད་ཟླ་ ༩,ལྷག,ཁྲུམས་སྨད།,ཆུ་༢,གླང་། (སྟག),ཟོན།༦ (ལི།༧),,,,ཚོང་།
14-11-2024,༡༤,བོད་ཟླ་ ༩,ཕུར།,ནམ་གྲུ།,ཆུ་རླུང་།,ཡོས།,ཁོན།༨,,,འཛམ་གླིང་གཅིན་སྙིའི་ཉིན་མོ།,དམག
15-11-2024,༡༥,བོད་ཟླ་ ༩,སངས།,ཐ་སྐར།,ས་རླུང་།,འབྲུག,དྭ།༩,ཞག་ངན།,,,གཉེན།
16-11-2024,༡༦,བོད་ཟླ་ ༩,སྤེན།,བྲ་ཉེ།,ས་མེ།,སྦྲུལ།,ཁེན།༡,,,གསོ་སྦྱོང་།,མཁར། དབུལ།
17-11-2024,༡༧,བོད་ཟླ་ ༩,ཉི།,སྨིན་དྲུག (ཆུ་ཚོད་ ༡༥:༠༠ ནས་སྣར་མ།),མེ་༢ (ས་མེ།),རྟ།,ཁམ།༢,ཀླུ་ཐེབས།,,,བག
18-11-2024,༡༨,བོད་ཟླ་ ༩,ཟླ།,སྣར་མ། (ཆུ་ཚོད་ ༡༤:༡༢ ནས་མགོ།),ས་ཆུ། (ཆུ་རླུང་།),ལུག,གིན།༣,,,,དུར།
19-11-2024,༡༩,བོད་ཟླ་ ༩,དམར།,མགོ། (ཆུ་ཚོད་ ༡༣:༤༨ ནས་ལག),མེ་རླུང་། (མེ་ཆུ།),སྤྲེལ།,ཟིན།༤,,,,ཤིད།
20-11-2024,༢༠,བོད་ཟླ་ ༩,ལྷག,ལག (ཆུ་ཚོད་ ༡༤:༡༢ ནས་ནབས་སོ།),ཆུ་༢ (ཆུ་རླུང་།),བྱ།,ཟོན།༥,ཉི་ནག,,,སྤྱི།
21-11-2024,༢༡,བོད་ཟླ་ ༩,ཕུར།,ནབས་སོ། (ཆུ་ཚོད་ ༡༥:༠༠ ནས་རྒྱལ།),རླུང་༢ (མེ་རླུང་།),ཁྱི།,ལི།༦,སྲེག་ཚེས།,,,མགྲོན།
22-11-2024,༢༢,བོད་ཟླ་ ༩,སངས།,རྒྱལ། (ཆུ་ཚོད་ ༡༦:༡༢ ནས་སྐག),ས་མེ། (ས་ཆུ།),ཕག,ཁོན།༧,,,ལྷ་བབས་དུས་ཆེན།,ཚོང་།
23-11-2024,༢༣,བོད་ཟླ་ ༩,སྤེན།,སྐག,ས་ཆུ།,བྱི།,དྭ།༨,ཡན་ཀྭོང་།,,,བུ།
24-11-2024,༢༤,བོད་ཟླ་ ༩,ཉི།,མཆུ།,མེ་༢,གླང་།,ཁེན།༩,,,,དམག
25-11-2024,༢༥,བོད་ཟླ་ ༩,ཟླ།,གྲེ།,མེ་ཆུ།,སྟག,ཁམ།༡,,,,གཉེན།
26-11-2024,༢༦,བོད་ཟླ་ ༩,དམར།,དབོ།,མེ་རླུང་།,ཡོས།,གིན།༢,,,,མཁར།
27-11-2024,༢༧,བོད་ཟླ་ ༩,ལྷག,མེ་བཞི།,ཆུ་རླུང་།,འབྲུག,ཟིན།༣,,འདི་ནས་རྗེས་ཟླའི་ཚེས་ ༢༦ བར་བུམ་སྟོང་བྱང་།,,བག
28-11-2024,༢༨,བོད་ཟླ་ ༩,ཕུར།,ནག་པ།,རླུང་༢,སྦྲུལ།,ཟོན།༤,,,,དུར།
29-11-2024,༢༩,བོད་ཟླ་ ༩,སངས།,ས་རི།,ས་རླུང་།,རྟ།,ལི།༥,,,,ཤིད།
30-11-2024,༣༠,བོད་ཟླ་ ༩,སྤེན།,ས་རི། (ཆུ་ཚོད་ ༨:༣༦ ནས་ས་ག),ས་རླུང་། (ས་མེ།),ལུག,ཁོན།༦,,,གསོ་སྦྱོང་།,སྤྱི།
01-12-2024,༣༠ ལྷག,བོད་ཟླ་ ༩,ཉི།,ས་ག (ཆུ་ཚོད་ ༧:༢༤ ནས་ལྷ་མཚམས།),མེ་༢ (ས་མེ།),,,,,འཛམ་གླིང་ཨེཌ་སི་ཉིན་མོ།,སྤྱི།
02-12-2024,༡,བོད་ཟླ་ ༡༠,ཟླ།,ལྷ་མཚམས།,ས་ཆུ།,སྤྲེལ།,དྭ།༧,,རྒྱ་ཟླ་ ༡༡ ཆེ། ཚེས་ ༢།,,མགྲོན།
03-12-2024,༢,བོད་ཟླ་ ༡༠,དམར།,སྣྲོན། (ཆུ་ཚོད་ ༡༢:༡༢ ནས་སྣྲུབས།),ས་མེ། (མེ་ཆུ།),བྱ།,ཁེན།༨,,,,ཚོང་།
04-12-2024,༣,བོད་ཟླ་ ༡༠,ལྷག,སྣྲུབས།,ཆུ་༢,ཁྱི།,ཁམ།༩,སྲེག་ཚེས།,,,བུ།
05-12-2024,༤,བོད་ཟླ་ ༡༠,ཕུར།,ཆུ་སྟོད། (ཆུ་ཚོད་ ༡༣:༤༨ ནས་ཆུ་སྨད།),ཆུ་རླུང་། (ས་རླུང་།),ཕག,གིན།༡,,,,གཉེན།
06-12-2024,༥,བོད་ཟླ་ ༡༠,སངས།,ཆུ་སྨད།,ས་༢,བྱི།,ཟིན།༢ ,,,,གཉེན།
07-12-2024,༦ (༧ ཆད།),བོད་ཟླ་ ༡༠,སྤེན།,གྲོ་བཞིན། (ཆུ་ཚོད་ ༡༢:༣༦ ནས་མོན་གྲེ།),ས་༢ (ས་ཆུ།),གླང་། (སྟག),ཟོན།༣ (ལི།༤),,,,མཁར།
08-12-2024,༨,བོད་ཟླ་ ༡༠,ཉི།,མོན་གྲེ། (ཆུ་ཚོད་ ༡༠:༡༢ ནས་མོན་གྲུ།),མེ་ཆུ། (ས་མེ།),ཡོས།,ཁོན།༥,,,,དུར།
09-12-2024,༩,བོད་ཟླ་ ༡༠,ཟླ།,མོན་གྲུ། (ཆུ་ཚོད་ ༨:༡༢ ནས་ཁྲུམས་སྟོད།),ས་ཆུ། (མེ་ཆུ།),འབྲུག,དྭ།༦,,,,ཤིད། དབུལ།
10-12-2024,༡༠,བོད་ཟླ་ ༡༠,དམར།,ཁྲུམས་སྟོད། (ཆུ་ཚོད་ ༦:༣༦ ནས་ཁྲུམས་སྨད།),མེ་༢ (མེ་ཆུ།),སྦྲུལ།,ཁེན།༧,སྲེག་ཚེས།,,ནོ་བེལ་ཞི་བདེ་གཟེངས་རྟགས་འབུལ་བཞེས་ཉིན་མོ།,སྤྱི།
11-12-2024,༡༡,བོད་ཟླ་ ༡༠,ལྷག,ནམ་གྲུ།,ཆུ་༢,རྟ།,ཁམ།༨,,,,མགྲོན།
12-12-2024,༡༢,བོད་ཟླ་ ༡༠,ཕུར།,ཐ་སྐར།,རླུང་༢,ལུག,གིན།༩,,,,ཚོང་།
13-12-2024,༡༣,བོད་ཟླ་ ༡༠,སངས།,བྲ་ཉེ།,ས་མེ།,སྤྲེལ།,ཟིན།༡,,,,བུ།
14-12-2024,༡༤,བོད་ཟླ་ ༡༠,སྤེན།,སྨིན་དྲུག,ས་མེ།,བྱ།,ཟོན།༢,,,,དམག
15-12-2024,༡༥,བོད་ཟླ་ ༡༠,ཉི།,སྣར་མ།,ས་མེ།,ཁྱི།,ལི།༣,,,གསོ་སྦྱོང་།,གཉེན།
16-12-2024,༡༦,བོད་ཟླ་ ༡༠,ཟླ།,མགོ།,ཆུ་རླུང་།,ཕག,ཁོན།༤,,,,མཁར།
17-12-2024,༡༧,བོད་ཟླ་ ༡༠,དམར།,ལག,མེ་ཆུ།,བྱི།,དྭ།༥,,,,བག
18-12-2024,༡༨,བོད་ཟླ་ ༡༠,ལྷག,ནབས་སོ།,ཆུ་རླུང་།,གླང་།,ཁེན།༦,སྲེག་ཚེས།,,,དུར།
19-12-2024,༡༩,བོད་ཟླ་ ༡༠,ཕུར།,རྒྱལ།,མེ་རླུང་།,སྟག,ཁམ།༧,,,,ཤིད།
20-12-2024,༢༠,བོད་ཟླ་ ༡༠,སངས།,སྐག,ས་ཆུ།,ཡོས།,གིན།༨,,,,སྤྱི།
21-12-2024,༢༡,བོད་ཟླ་ ༡༠,སྤེན།,མཆུ།,ས་མེ།,འབྲུག,ཟིན།༩,ཡན་ཀྭོང་།,དགུན་ཉི་ལྡོག དགུ་དང་པོ་འདྲེན།,,མགྲོན།
22-12-2024,༢༢,བོད་ཟླ་ ༡༠,ཉི།,གྲེ།,མེ་༢,སྦྲུལ།,ཟོན།༡,,,,ཚོང་།
23-12-2024,༢༣,བོད་ཟླ་ ༡༠,ཟླ།,དབོ།,ཆུ་རླུང་།,རྟ།,ལི།༢,,,,བུ།
24-12-2024,༢༤,བོད་ཟླ་ ༡༠,དམར།,དབོ།,མེ་རླུང་།,ལུག,ཁོན།༣,,,,དམག
25-12-2024,༢༥,བོད་ཟླ་ ༡༠,ལྷག,མེ་བཞི།,ཆུ་རླུང་།,སྤྲེལ།,དྭ།༤,ཞག་ངན།,,,གཉེན།
26-12-2024,༢༦,བོད་ཟླ་ ༡༠,ཕུར།,ནག་པ།,རླུང་༢,བྱ།,ཁེན།༥,,,,མཁར།
27-12-2024,༢༧,བོད་ཟླ་ ༡༠,སངས།,ས་རི། (ཆུ་ཚོད་ ༡༥:༠༠ ནས་ས་ག),ས་རླུང་། (ས་མེ།),ཁྱི།,ཁམ།༦,,འདི་ནས་རྗེས་ཟླའི་ཚེས་ ༢༧ བར་བུམ་སྟོང་ཤར།,,བག
28-12-2024,༢༨,བོད་ཟླ་ ༡༠,སྤེན།,ས་ག (ཆུ་ཚོད་ ༡༧:༠༠ ནས་ལྷ་མཚམས།),ས་མེ། (ས་༢),ཕག,གིན།༧,,,,དུར།
29-12-2024,༢༩,བོད་ཟླ་ ༡༠,ཉི།,ལྷ་མཚམས།,ས་མེ།,བྱི།,ཟིན།༨,,,,ཤིད། དབུལ།
30-12-2024,༣༠,བོད་ཟླ་ ༡༠,ཟླ།,སྣྲོན།,ས་ཆུ།,གླང་།,ཟོན།༩,ཉི་ནག,དགུ་གཉིས་པ་འདྲེན།,གསོ་སྦྱོང་།,སྤྱི།
31-12-2024,༡,བོད་ཟླ་ ༡༡,དམར།,སྣྲུབས།,མེ་ཆུ།,སྟག,ལི།༡,,རྒྱ་ཟླ་ ༡༢ ཆུང་། ཚེས་ ༡།,,མགྲོན། དབུལ།
01-01-2025,༢,བོད་ཟླ་ ༡༡,ལྷག,ཆུ་སྟོད།,ཆུ་༢,ཡོས།,ཁོན།༢,,,,ཚོང་།
02-01-2025,༣,བོད་ཟླ་ ༡༡,ཕུར།,ཆུ་སྨད།,ས་རླུང་།,འབྲུག,དྭ།༣,,,,བུ།
03-01-2025,༤,བོད་ཟླ་ ༡༡,སངས།,གྲོ་བཞིན།,ས་༢,སྦྲུལ།,ཁེན།༤,,,,དམག
04-01-2025,༥,བོད་ཟླ་ ༡༡,སྤེན།,མོན་གྲེ།,ས་ཆུ།,རྟ།,ཁམ།༥,,,,གཉེན།
05-01-2025,༦,བོད་ཟླ་ ༡༡,ཉི།,མོན་གྲུ།,ས་མེ།,ལུག,གིན།༦,,ངན་པ་དགུ་འཛོམས།  (འདི་ཉིན་ཚོུད་ ༡༦།༣༦ ནས་ཕྱི་ཉིན་ཚོུད་༡༣།༤༨ བར།),,མཁར།
06-01-2025,༧,བོད་ཟླ་ ༡༡,ཟླ།,ཁྲུམས་སྟོད། (ཆུ་ཚོད་ ༡༦:༡༢ ནས་ཁྲུམས་སྨད།),མེ་ཆུ། (ཆུ་༢),སྤྲེལ།,ཟིན།༧,ཉི་ནག,,,བག
07-01-2025,༨,བོད་ཟླ་ ༡༡,དམར།,ཁྲུམས་སྨད།,མེ་ཆུ།,བྱ།,ཟོན།༨,,,,དུར།
08-01-2025,༩,བོད་ཟླ་ ༡༡,ལྷག,ནམ་གྲུ། (ཆུ་ཚོད་ ༡༢:༣༦ ནས་ཐ་སྐར།),ཆུ་༢ (ཆུ་རླུང་།),ཁྱི།,ལི།༩,,དགུ་གསུམ་པ་འདྲེན།,,ཤིད།
09-01-2025,༡༠,བོད་ཟླ་ ༡༡,ཕུར།,ཐ་སྐར། (ཆུ་ཚོད་ ༡༡:༠༠ ནས་བྲ་ཉེ།),རླུང་༢ (མེ་རླུང་།),ཕག,ཁོན།༡,ཀླུ་ལྡོག ཞག་ངན།,,,སྤྱི།
10-01-2025,༡༡ (༡༢ ཆད།),བོད་ཟླ་ ༡༡,སངས།,བྲ་ཉེ།,ས་མེ།,བྱི། (གླང་།),དྭ།༢ (ཁེན།༣),,,,མགྲོན། དབུལ།
11-01-2025,༡༣,བོད་ཟླ་ ༡༡,སྤེན།,སྨིན་དྲུག (ཆུ་ཚོད་ ༦:༣༦ ནས་སྣར་མ།),ས་མེ། (ས་༢),སྟག,ཁམ།༤,,,,བུ།
12-01-2025,༡༤,བོད་ཟླ་ ༡༡,ཉི།,མགོ།,མེ་རླུང་།,ཡོས།,གིན།༥,ཀླུ་ཐེབས།,,,དམག
13-01-2025,༡༥,བོད་ཟླ་ ༡༡,ཟླ།,ལག,ཆུ་༢,འབྲུག,ཟིན།༦,,,,གཉེན།
14-01-2025,༡༦,བོད་ཟླ་ ༡༡,དམར།,ནབས་སོ།,མེ་རླུང་།,སྦྲུལ།,ཟོན།༧,,,གསོ་སྦྱོང་།,མཁར།
15-01-2025,༡༧,བོད་ཟླ་ ༡༡,ལྷག,ནབས་སོ། (ཆུ་ཚོད་ ༦:༣༦ ནས་རྒྱལ།),ཆུ་རླུང་། (མེ་ཆུ།),རྟ།,ལི།༨,,,,བག
16-01-2025,༡༨,བོད་ཟླ་ ༡༡,ཕུར།,རྒྱལ། (ཆུ་ཚོད་ ༧:༤༨ ནས་སྐག),མེ་རླུང་། (ཆུ་རླུང་།),ལུག,ཁོན།༩,,ས་ཁམས་མཆེར་རྩ་ཞག་ ༡༨ རྒྱུ།,,དུར།
17-01-2025,༡༩,བོད་ཟླ་ ༡༡,སངས།,སྐག (ཆུ་ཚོད་ ༩:༢༤ ནས་མཆུ།),ས་ཆུ། (ས་མེ),སྤྲེལ།,དྭ།༡,,,,ཤིད།
18-01-2025,༢༠,བོད་ཟླ་ ༡༡,སྤེན།,མཆུ།,ས་མེ།,བྱ།,ཁེན།༢,ཡན་ཀྭོང་།,,,སྤྱི།
19-01-2025,༢༡,བོད་ཟླ་ ༡༡,ཉི།,གྲེ། (ཆུ་ཚོད་ ༡༣:༤༨ ནས་དབོ།),མེ་༢ (མེ་རླུང་།),ཁྱི།,ཁམ།༣,,,,མགྲོན།
20-01-2025,༢༢,བོད་ཟླ་ ༡༡,ཟླ།,མེ་བཞི།,ཆུ་རླུང་།,ཕག,གིན།༤,,,,ཚོང་།
21-01-2025,༢༢ ལྷག,བོད་ཟླ་ ༡༡,དམར།,མེ་བཞི།,མེ་རླུང་།,,,,,,ཚོང་།
22-01-2025,༢༣,བོད་ཟླ་ ༡༡,ལྷག,ནག་པ།,ཆུ་རླུང་།,བྱི།,ཟིན།༥,,,,བུ།
23-01-2025,༢༤,བོད་ཟླ་ ༡༡,ཕུར།,ས་རི།,རླུང་༢,གླང་།,ཟོན།༦,,,,དམག
24-01-2025,༢༥,བོད་ཟླ་ ༡༡,སངས།,ས་ག,ས་མེ།,སྟག,ལི།༧,,,,གཉེན།
25-01-2025,༢༦,བོད་ཟླ་ ༡༡,སྤེན།,ལྷ་མཚམས།,ས་༢,ཡོས།,ཁོན།༨,,,,མཁར།
26-01-2025,༢༧,བོད་ཟླ་ ༡༡,ཉི།,སྣྲོན།,ས་མེ།,འབྲུག,དྭ།༩,སྲེག་ཚེས།,,རྒྱ་གར་མང་གཙོ།,བག
27-01-2025,༢༨,བོད་ཟླ་ ༡༡,ཟླ།,སྣྲུབས།,ཆུ་༢,སྦྲུལ།,ཁེན།༡,,འདི་ནས་རྗེས་ཟླའི་ཚེས་ ༢༨ བར་བུམ་སྟོང་ལྷོ།,,དུར།
28-01-2025,༢༩,བོད་ཟླ་ ༡༡,དམར།,ཆུ་སྟོད།,མེ་ཆུ།,རྟ།,ཁམ།༢,,,གསོ་སྦྱོང་།,ཤིད།
29-01-2025,༣༠,བོད་ཟླ་ ༡༡,ལྷག,ཆུ་སྨད།,ས་ཆུ།,ལུག,གིན།༣,,,,སྤྱི།
30-01-2025,༡,བོད་ཟླ་ ༡༢,ཕུར།,གྲོ་བཞིན།,ས་རླུང་།,སྤྲེལ།,ཟིན།༤,,རྒྱ་ཟླ་ ༡ ཆེ། ཚེས་ ༢།,,མགྲོན།
31-01-2025,༢,བོད་ཟླ་ ༡༢,སངས།,མོན་གྲེ།,ས་ཆུ།,བྱ།,ཟོན།༥,སྲེག་ཚེས།,,,ཚོང་། དབུལ།
01-02-2025,༣,བོད་ཟླ་ ༡༢,སྤེན།,མོན་གྲུ།,ས་༢,ཁྱི།,ལི།༦,,,,བུ།
02-02-2025,༤,བོད་ཟླ་ ༡༢,ཉི།,ཁྲུམས་སྟོད།,མེ་༢,ཕག,ཁོན།༧,,,,དམག
03-02-2025,༥ (༦ ཆད།),བོད་ཟླ་ ༡༢,ཟླ།,ཁྲུམས་སྨད།,ཆུ་༢,བྱི། (གླང་།),དྭ།༨ (ཁེན།༩),,ཤིང་ཁམས་མཆིན་རྩ་ཞག་ ༧༢ རྒྱུ།,,གཉེན།
04-02-2025,༧,བོད་ཟླ་ ༡༢,དམར།,ནམ་གྲུ།,མེ་ཆུ།,སྟག,ཁམ།༡,,,འཛམ་གླིང་འབྲས་ནད་ཉིན་མོ།,བག
05-02-2025,༨,བོད་ཟླ་ ༡༢,ལྷག,ཐ་སྐར།,ཆུ་རླུང་།,ཡོས།,གིན།༢,,,,དུར།
06-02-2025,༩,བོད་ཟླ་ ༡༢,ཕུར།,བྲ་ཉེ།,མེ་རླུང་།,འབྲུག,ཟིན།༣,,,,ཤིད།
07-02-2025,༡༠,བོད་ཟླ་ ༡༢,སངས།,སྨིན་དྲུག (ཆུ་ཚོད་ ༡༥:༢༤ ནས་སྣར་མ།),ས་མེ། (ས་༢),སྦྲུལ།,ཟོན།༤,ཀླུ་ཐེབས།,,,སྤྱི།
08-02-2025,༡༡,བོད་ཟླ་ ༡༢,སྤེན།,སྣར་མ། (ཆུ་ཚོད་ ༡༤:༡༢ ནས་མགོ།),ས་༢ (ས་རླུང་།),རྟ།,ལི།༥,,,,མགྲོན།
09-02-2025,༡༢,བོད་ཟླ་ ༡༢,ཉི།,མགོ། (ཆུ་ཚོད་ ༡༣:༢༤ ནས་ལག),མེ་རླུང་། (མེ་ཆུ།),ལུག,ཁོན།༦,,,,ཚོང་།
10-02-2025,༡༣,བོད་ཟླ་ ༡༢,ཟླ།,ལག (ཆུ་ཚོད་ ༡༣:༢༤ ནས་ནབས་སོ།),ཆུ་༢ (ཆུ་རླུང་།),སྤྲེལ།,དྭ།༧,ཡན་ཀྭོང་།,,,བུ།
11-02-2025,༡༤,བོད་ཟླ་ ༡༢,དམར།,ནབས་སོ། (ཆུ་ཚོད་ ༡༣:༢༤ ནས་རྒྱལ།),མེ་རླུང་། (མེ་༢),བྱ།,ཁེན།༨,ཉི་ནག,,,དམག
12-02-2025,༡༥,བོད་ཟླ་ ༡༢,ལྷག,རྒྱལ། (ཆུ་ཚོད་ ༡༤:༢༤ ནས་སྐག),མེ་ཆུ། (ཆུ་༢),ཁྱི།,ཁམ།༩,,,གསོ་སྦྱོང་།,གཉེན།
13-02-2025,༡༦,བོད་ཟླ་ ༡༢,ཕུར།,སྐག (ཆུ་ཚོད་ ༡༥:༢༤ ནས་མཆུ།),ཆུ་རླུང་། (མེ་རླུང་།),ཕག,གིན།༡,,,,མཁར།
14-02-2025,༡༧,བོད་ཟླ་ ༡༢,སངས།,མཆུ།,ས་མེ།,བྱི།,ཟིན།༢,སྲེག་ཚེས།,,,བག
15-02-2025,༡༨,བོད་ཟླ་ ༡༢,སྤེན།,གྲེ།,ས་མེ།,གླང་།,ཟོན།༣,,,,དུར།
16-02-2025,༡༩,བོད་ཟླ་ ༡༢,ཉི།,དབོ།,མེ་རླུང་།,སྟག,ལི།༤,,,,ཤིད།
17-02-2025,༢༠,བོད་ཟླ་ ༡༢,ཟླ།,མེ་བཞི།,ཆུ་རླུང་།,ཡོས།,ཁོན།༥,,,,སྤྱི།
18-02-2025,༢༡,བོད་ཟླ་ ༡༢,དམར།,ནག་པ།,མེ་རླུང་།,འབྲུག,དྭ།༦,,,,མགྲོན། དབུལ།
19-02-2025,༢༢,བོད་ཟླ་ ༡༢,ལྷག,ས་རི།,ཆུ་རླུང་།,སྦྲུལ།,ཁེན།༧,,,,ཚོང་
20-02-2025,༢༣,བོད་ཟླ་ ༡༢,ཕུར།,ས་རི། (ཆུ་ཚོད་ ༦:༣༦ ནས་ས་ག),རླུང་༢ (མེ་རླུང་།),རྟ།,ཁམ།༨,,,,བུ། དབུལ།
21-02-2025,༢༤,བོད་ཟླ་ ༡༢,སངས།,ས་ག (ཆུ་ཚོད་ ༨:༣༦ ནས་ལྷ་མཚམས།),ས་མེ། (ས་༢),ལུག,གིན།༩,,,,དམག
22-02-2025,༢༥,བོད་ཟླ་ ༡༢,སྤེན།,ལྷ་མཚམས།,ས་༢,སྤྲེལ།,ཟིན།༡,ཞག་ངན།,,,གཉེན།
23-02-2025,༢༥ ལྷག,བོད་ཟླ་ ༡༢,ཉི།,སྣྲོན། (ཆུ་ཚོད་ ༡༠:༣༦ ནས་སྣྲུབས།),ས་མེ། (མེ་ཆུ།),,,,,,གཉེན།
24-02-2025,༢༦,བོད་ཟླ་ ༡༢,ཟླ།,སྣྲུབས།,ཆུ་༢,བྱ།,ཟོན།༢,སྲེག་ཚེས།,,,མཁར།
25-02-2025,༢༧,བོད་ཟླ་ ༡༢,དམར།,ཆུ་སྟོད། (ཆུ་ཚོད་ ༡༢:༣༦ ནས་ཆུ་སྨད།),མེ་ཆུ། (ས་མེ།),ཁྱི།,ལི།༣,,,,བག
26-02-2025,༢༨,བོད་ཟླ་ ༡༢,ལྷག,ཆུ་སྨད།,ས་ཆུ།,ཕག,ཁོན།༤,,འདི་ནས་རྗེས་ཟླའི་ཚེས་ ༢༩ བར་བུམ་སྟོང་ནུབ།,,དུར།
27-02-2025,༢༩ (༣༠ ཆད།),བོད་ཟླ་ ༡༢,ཕུར།,གྲོ་བཞིན། (ཆུ་ཚོད་ ༡༢:༣༦ ནས་མོན་གྲེ།),ས་རླུང་། (ཆུ་རླུང་།),བྱི། (གླང་།),དྭ།༥ (ཁེན།༦),,,གསོ་སྦྱོང་།,ཤིད།